{
  "project_info": {
    "project_number": "451338389536",
    "firebase_url": "https://mytoks.firebaseio.com",
    "project_id": "mytoks",
    "storage_bucket": "mytoks.appspot.com"
  },
  "client": [
    {
      "client_info": {
        "mobilesdk_app_id": "1:451338389536:android:efdc57b675d9780806d445",
        "android_client_info": {
          "package_name": "appoint.etoken.doc.book.com"
        }
      },
      "oauth_client": [
        {
          "client_id": "451338389536-but1bmo4a3mq0fpf0q3iri6i3v3ljput.apps.googleusercontent.com",
          "client_type": 3
        }
      ],
      "api_key": [
        {
          "current_key": "AIzaSyC6n-56kVKmSd9qsfE3ms2UyQaQdrqxoQo"
        }
      ],
      "services": {
        "appinvite_service": {
          "other_platform_oauth_client": [
            {
              "client_id": "451338389536-but1bmo4a3mq0fpf0q3iri6i3v3ljput.apps.googleusercontent.com",
              "client_type": 3
            }
          ]
        }
      }
    }
  ],
  "configuration_version": "1"
}